time,close,volume,change,log_change,ticker
2021-08-27 07:00:00+00:00,299.66,3414749,0.0,0.0,GAZP
2021-08-30 07:00:00+00:00,305.17,6997065,0.018221507941767072,0.018220499764702112,GAZP
2021-08-31 07:00:00+00:00,305.65,6437190,0.001571658742061892,0.0015716580950339602,GAZP
2021-09-01 07:00:00+00:00,312.89,7952071,0.023413173162118474,0.023411034597037535,GAZP
2021-09-02 07:00:00+00:00,312.3,5341413,-0.0018874279033610913,-0.00188742678273907,GAZP
2021-09-03 07:00:00+00:00,317.94,6367842,0.017899377095963002,0.01789842144369277,GAZP
2021-09-06 07:00:00+00:00,328.93,8021070,0.03398881724275168,0.03398227643731205,GAZP
2021-09-07 07:00:00+00:00,327.73,7216887,-0.003654871645638929,-0.003654863508672385,GAZP
2021-09-08 07:00:00+00:00,327.6,5886362,-0.00039674669285933264,-0.0003967466824508001,GAZP
2021-09-09 07:00:00+00:00,324.57,4056897,-0.0092922563310308,-0.009292122611322706,GAZP
2021-09-10 07:00:00+00:00,326.43,4148573,0.005714332361896874,0.005714301263438635,GAZP
2021-09-13 07:00:00+00:00,332.75,5544499,0.01917710188215829,0.019175926644190548,GAZP
2021-09-14 07:00:00+00:00,338.98,9727448,0.018550715123228048,0.018549651314687374,GAZP
2021-09-15 07:00:00+00:00,343.34,10886789,0.012780449153476633,0.012780101252874612,GAZP
2021-09-16 07:00:00+00:00,338.5,9488646,-0.014197594419370884,-0.014197117490453446,GAZP
2021-09-17 07:00:00+00:00,334.5,6147908,-0.011887492741431579,-0.011887212784046593,GAZP
2021-09-20 07:00:00+00:00,325.7,7327444,-0.02666332558183298,-0.026660167286095313,GAZP
2021-09-21 07:00:00+00:00,335.3,7750978,0.029053026810226243,0.029048941189995122,GAZP
2021-09-22 07:00:00+00:00,340.59,6110937,0.015654393679598023,0.01565375437236893,GAZP
2021-09-23 07:00:00+00:00,343.47,6388866,0.008420463263808107,0.008420363759278956,GAZP
2021-09-24 07:00:00+00:00,344.29,4019189,0.0023845561406609095,0.0023845538808593514,GAZP
2021-09-27 07:00:00+00:00,355.19,8113023,0.031173578916380423,0.031168532083864255,GAZP
2021-09-28 07:00:00+00:00,354.07,9412592,-0.003158229120007245,-0.0031582238697848426,GAZP
2021-09-29 07:00:00+00:00,360.88,6026435,0.019052011793666907,0.019050859401370836,GAZP
2021-09-30 07:00:00+00:00,360.8,7009228,-0.00022170491348809845,-0.00022170491167180638,GAZP
2021-10-01 07:00:00+00:00,363.25,4765955,0.00676756591988741,0.006767514261923734,GAZP
2021-10-04 07:00:00+00:00,376.06,10236280,0.034664341133421664,0.03465740267693613,GAZP
2021-10-05 07:00:00+00:00,389.82,13460801,0.035944124345489346,0.03593638899316614,GAZP
2021-10-06 07:00:00+00:00,381.3,21650230,-0.022100425942518723,-0.022098627256976536,GAZP
2021-10-07 07:00:00+00:00,370.7,16055317,-0.028197091842390935,-0.028193356706831502,GAZP
2021-10-08 07:00:00+00:00,366.17,7026066,-0.01229571351813944,-0.012295403718853477,GAZP
2021-10-11 07:00:00+00:00,369.81,7817384,0.009891815102332759,0.009891653793704684,GAZP
2021-10-12 07:00:00+00:00,364.1,5681590,-0.015561433036484062,-0.015560805050149961,GAZP
2021-10-13 07:00:00+00:00,362.77,10218412,-0.0036595387150370265,-0.003659530546859404,GAZP
2021-10-14 07:00:00+00:00,367.0,5993125,0.011593083088578478,0.01159282342004182,GAZP
2021-10-15 07:00:00+00:00,367.76,3590539,0.0020687049189170035,0.0020687034434022007,GAZP
2021-10-18 07:00:00+00:00,363.5,4309222,-0.011651518139184702,-0.011651254524398467,GAZP
2021-10-19 07:00:00+00:00,368.83,5154253,0.014557050379129232,0.014556536302933647,GAZP
2021-10-20 07:00:00+00:00,369.97,3949928,0.003086092892054255,0.0030860879934328333,GAZP
2021-10-21 07:00:00+00:00,363.37,4650008,-0.018001294443463302,-0.01800032237548957,GAZP
2021-10-22 07:00:00+00:00,358.12,4842131,-0.01455398688022166,-0.014553473128495724,GAZP
2021-10-25 07:00:00+00:00,364.84,5734082,0.01859184644565339,0.01859077554600227,GAZP
2021-10-26 07:00:00+00:00,364.82,5174495,-5.482005321658856e-05,-5.4820053189182375e-05,GAZP
2021-10-27 07:00:00+00:00,362.17,3067399,-0.00729043098711534,-0.007290366407125553,GAZP
2021-10-28 07:00:00+00:00,353.21,8658962,-0.025053554150040694,-0.025050933951849888,GAZP
2021-10-29 07:00:00+00:00,350.18,7502420,-0.008615579484569168,-0.00861547290162231,GAZP
2021-11-01 07:00:00+00:00,359.1,4650011,0.02515624577782089,0.025153593233866355,GAZP
2021-11-02 07:00:00+00:00,352.48,4300523,-0.0186080918870536,-0.01860701817800413,GAZP
2021-11-03 07:00:00+00:00,353.02,3790178,0.001530830096000805,0.0015308294980997449,GAZP
2021-11-05 07:00:00+00:00,350.6,2572724,-0.0068787943120920125,-0.006878740064998727,GAZP
2021-11-08 07:00:00+00:00,351.47,3980689,0.002478389152001181,0.0024783866147932584,GAZP
2021-11-09 07:00:00+00:00,349.46,3102211,-0.005735284632824278,-0.0057352531910352025,GAZP
2021-11-10 07:00:00+00:00,345.8,3547151,-0.010528727177421161,-0.010528532661702146,GAZP
2021-11-11 07:00:00+00:00,347.44,4027212,0.004731432630532171,0.00473141497737635,GAZP
2021-11-12 07:00:00+00:00,333.6,12719408,-0.040660513265648054,-0.040649317741974694,GAZP
2021-11-15 07:00:00+00:00,340.3,6424498,0.019886221495915193,0.019884911022268338,GAZP
2021-11-16 07:00:00+00:00,336.79,6465468,-0.010368176543478599,-0.010367990790882518,GAZP
2021-11-17 07:00:00+00:00,349.98,7902637,0.03842586926970368,0.03841641927762378,GAZP
2021-11-18 07:00:00+00:00,345.56,10219339,-0.012710062687358411,-0.01270972050291791,GAZP
2021-11-19 07:00:00+00:00,337.62,9601226,-0.02324738028006028,-0.023245286817440848,GAZP
2021-11-22 07:00:00+00:00,319.2,15146994,-0.05613257308011459,-0.05610313709758901,GAZP
2021-11-23 07:00:00+00:00,341.77,15055304,0.06837329199831951,0.06832013062767289,GAZP
2021-11-24 07:00:00+00:00,338.3,9367569,-0.01020509754166956,-0.010204920416663653,GAZP
2021-11-25 07:00:00+00:00,337.55,4878816,-0.0022194301208833295,-0.0022194282987833434,GAZP
2021-11-26 07:00:00+00:00,326.0,10398847,-0.034823300433564526,-0.03481626612117183,GAZP
2021-11-29 07:00:00+00:00,339.2,9959065,0.039702945942817425,0.03969252255104035,GAZP
2021-11-30 07:00:00+00:00,334.24,13050363,-0.014731138849499113,-0.01473060610949232,GAZP
2021-12-01 07:00:00+00:00,345.21,9311681,0.032299243043366205,0.0322936296952212,GAZP
2021-12-02 07:00:00+00:00,350.3,7546712,0.014637525348647647,0.014637002699964319,GAZP
2021-12-03 07:00:00+00:00,345.99,5170078,-0.012380373539843725,-0.012380057297484147,GAZP
2021-12-06 07:00:00+00:00,338.94,8148918,-0.02058822653603691,-0.02058677234073129,GAZP
2021-12-07 07:00:00+00:00,344.96,7531072,0.017606277190384944,0.017605367715351903,GAZP
2021-12-08 07:00:00+00:00,340.5,7819456,-0.013013709989402189,-0.013013342691010501,GAZP
2021-12-09 07:00:00+00:00,336.6,6123438,-0.011520098628157643,-0.011519843832861336,GAZP
2021-12-10 07:00:00+00:00,332.0,4459808,-0.013760747088174513,-0.013760312840217132,GAZP
2021-12-13 07:00:00+00:00,307.26,14047894,-0.07751810012947713,-0.07744067421397462,GAZP
2021-12-14 07:00:00+00:00,319.35,16860429,0.03860296650095414,0.0385933853050844,GAZP
2021-12-15 07:00:00+00:00,324.09,7969199,0.014734108051592256,0.014733574989405024,GAZP
2021-12-16 07:00:00+00:00,328.39,9543089,0.013181053097600367,0.01318067144772411,GAZP
2021-12-17 07:00:00+00:00,327.3,7210155,-0.0033247510628448655,-0.0033247449375924895,GAZP
2021-12-20 07:00:00+00:00,325.9,7084663,-0.0042866087912606125,-0.0042865956636190874,GAZP
2021-12-21 07:00:00+00:00,339.88,8008424,0.04201437917026693,0.04200202829182484,GAZP
2021-12-22 07:00:00+00:00,345.55,9683514,0.016545491206162045,0.016544736402062728,GAZP
2021-12-23 07:00:00+00:00,339.81,7215140,-0.016751496004617006,-0.01675071265667149,GAZP
2021-12-24 07:00:00+00:00,338.79,3900816,-0.003006196004964493,-0.003006191477043238,GAZP
2021-12-27 07:00:00+00:00,343.97,2871510,0.015174580173837836,0.015173997864431844,GAZP
2021-12-28 07:00:00+00:00,343.23,3482605,-0.002153669552046373,-0.0021536678871583222,GAZP
2021-12-29 07:00:00+00:00,340.33,4297634,-0.008485143066764747,-0.008485041251665893,GAZP
2021-12-30 07:00:00+00:00,342.39,4085476,0.006034739732664409,0.006034703104321941,GAZP
2022-01-03 07:00:00+00:00,353.73,4011836,0.03258923788028936,0.03258347202307349,GAZP
2022-01-04 07:00:00+00:00,352.55,5266668,-0.003341460309710393,-0.0033414540916420934,GAZP
2022-01-05 07:00:00+00:00,335.0,8095833,-0.05108411636329771,-0.05106192433998318,GAZP
2022-01-06 07:00:00+00:00,346.13,7443706,0.03268971454517777,0.032683895209970525,GAZP
2022-01-10 07:00:00+00:00,344.0,5020488,-0.00617280886197482,-0.006172769661638657,GAZP
2022-01-11 07:00:00+00:00,343.74,4187244,-0.0007560997968989277,-0.00075609972485688,GAZP
2022-01-12 07:00:00+00:00,347.43,5339167,0.01067785111398764,0.010677648215854433,GAZP
2022-01-13 07:00:00+00:00,337.6,11796152,-0.02870538388311842,-0.028701443142593937,GAZP
2022-01-14 07:00:00+00:00,335.76,12043928,-0.005465170901806508,-0.005465143696466762,GAZP
2022-01-17 07:00:00+00:00,327.81,9693637,-0.023964740041995475,-0.02396244677457172,GAZP
2022-01-18 07:00:00+00:00,301.11,22006821,-0.0850607670626643,-0.08495852575694504,GAZP
2022-01-19 07:00:00+00:00,318.36,22002762,0.05573598848977967,0.055707171443829945,GAZP
2022-01-20 07:00:00+00:00,310.42,13024196,-0.02525928397987174,-0.025256598714610133,GAZP
2022-01-21 07:00:00+00:00,311.6,11911257,0.0037941038763251037,0.0037940947735547355,GAZP
2022-01-24 07:00:00+00:00,294.59,23638592,-0.05616524223457861,-0.056135754875481926,GAZP
2022-01-25 07:00:00+00:00,302.96,14313115,0.028019889646612298,0.02801622447242806,GAZP
2022-01-26 07:00:00+00:00,299.6,12506047,-0.011152763141983376,-0.011152531950474779,GAZP
2022-01-27 07:00:00+00:00,325.25,21602218,0.08223828286549623,0.08214586574955021,GAZP
2022-01-28 07:00:00+00:00,329.58,11621900,0.01322538470339741,0.013224999189969345,GAZP
2022-01-31 07:00:00+00:00,334.8,6991312,0.015714868777270862,0.015714222032736223,GAZP
2022-02-01 07:00:00+00:00,330.95,6800945,-0.011566289922768652,-0.01156603205038853,GAZP
2022-02-02 07:00:00+00:00,331.7,5475514,0.0022636413212473406,0.0022636393880748375,GAZP
2022-02-03 07:00:00+00:00,323.75,5759299,-0.024261712507114945,-0.02425933293925922,GAZP
2022-02-04 07:00:00+00:00,324.6,8864407,0.0026220450712133485,0.0026220420667434964,GAZP
2022-02-07 07:00:00+00:00,321.25,5629719,-0.01037420494784369,-0.010374018871061397,GAZP
2022-02-08 07:00:00+00:00,331.7,7796665,0.03201677714966758,0.0320113097435772,GAZP
2022-02-09 07:00:00+00:00,335.08,6326830,0.010138537014491444,0.010138363332601966,GAZP
2022-02-10 07:00:00+00:00,328.93,6193109,-0.018525406576467767,-0.01852434711557104,GAZP
2022-02-11 07:00:00+00:00,318.1,10075128,-0.0334854179766268,-0.03347916341493914,GAZP
2022-02-14 07:00:00+00:00,321.85,12121357,0.011720068038357113,0.011719799743526436,GAZP
2022-02-15 07:00:00+00:00,333.6,9684431,0.03586475622981496,0.035857071985966826,GAZP
2022-02-16 07:00:00+00:00,336.5,7717673,0.008655586674790858,0.008655478600190638,GAZP
2022-02-17 07:00:00+00:00,323.51,10211081,-0.039378293617514416,-0.03936812372050831,GAZP
2022-02-18 07:00:00+00:00,309.48,12521114,-0.04435108272828155,-0.04433655568302044,GAZP
2022-02-21 07:00:00+00:00,257.3,41309718,-0.18570184627238018,-0.1846507503935553,GAZP
2022-02-22 07:00:00+00:00,283.51,32489846,0.09715688239000178,0.09700467662662422,GAZP
2022-02-24 07:00:00+00:00,210.0,41392496,-0.3046665029032317,-0.30013986519685415,GAZP
2022-02-25 07:00:00+00:00,228.0,21187697,0.08233082706766917,0.08223809823697201,GAZP
2022-03-24 07:00:00+00:00,258.51,8587012,0.12591915155476013,0.1255887489653444,GAZP
2022-03-25 07:00:00+00:00,227.0,6738487,-0.13035070431583776,-0.12998436043838238,GAZP
2022-03-28 07:00:00+00:00,218.6,2524973,-0.037715377391570735,-0.03770644173896451,GAZP
2022-03-29 07:00:00+00:00,208.0,4038009,-0.0497259659370821,-0.04970549604112014,GAZP
2022-03-30 07:00:00+00:00,216.0,3868016,0.03774928774928775,0.03774032798284711,GAZP
2022-03-31 07:00:00+00:00,242.48,8408110,0.1158987377347654,0.1156408250653827,GAZP
2022-04-01 07:00:00+00:00,251.4,5066627,0.03613392189486162,0.036126063406599455,GAZP
2022-04-04 07:00:00+00:00,252.9,4105898,0.005948892607094223,0.005948857519772484,GAZP
2022-04-05 07:00:00+00:00,243.5,3997322,-0.037886268768933376,-0.03787721115327501,GAZP
2022-04-06 07:00:00+00:00,239.7,2059535,-0.015729449628599793,-0.015728801082305885,GAZP
2022-04-07 07:00:00+00:00,245.0,2241689,0.021871812554809206,0.021870069104388334,GAZP
2022-04-08 07:00:00+00:00,241.07,1484561,-0.016171567577543344,-0.016170862796839734,GAZP
2022-04-11 07:00:00+00:00,234.55,1567696,-0.02742199854611446,-0.027418562973420185,GAZP
2022-04-12 07:00:00+00:00,236.3,2667699,0.0074334678745272935,0.007433399418395063,GAZP
2022-04-13 07:00:00+00:00,234.87,1270216,-0.0060700518800245636,-0.006070014604929706,GAZP
2022-04-14 07:00:00+00:00,222.11,2196449,-0.05588846891885277,-0.055859414937515,GAZP
2022-04-15 07:00:00+00:00,224.0,1998117,0.008473398597541697,0.008473297204622362,GAZP
2022-04-18 07:00:00+00:00,216.99,1563233,-0.031800139530788085,-0.03179478232574071,GAZP
2022-04-19 07:00:00+00:00,220.72,3071104,0.0170444855501915,0.01704366037973148,GAZP
2022-04-20 07:00:00+00:00,218.92,3361706,-0.008188655144332105,-0.008188563633313281,GAZP
2022-04-21 07:00:00+00:00,210.29,2433281,-0.04022967938691885,-0.04021883581510479,GAZP
2022-04-22 07:00:00+00:00,208.0,2881340,-0.010949669549742625,-0.010949450759294656,GAZP
2022-04-25 07:00:00+00:00,206.35,1886429,-0.007964407699763313,-0.007964323502727178,GAZP
2022-04-26 07:00:00+00:00,225.85,4654672,0.09042006400825163,0.09029730590202227,GAZP
2022-04-27 07:00:00+00:00,237.15,4832493,0.04884118753754825,0.04882179022297762,GAZP
2022-04-28 07:00:00+00:00,237.53,6909975,0.0016010796474600275,0.0016010789634113107,GAZP
2022-04-29 07:00:00+00:00,240.4,4346920,0.012010560116305146,0.012010271374050452,GAZP
2022-05-04 07:00:00+00:00,234.16,2099289,-0.02630259213803214,-0.02629956027742215,GAZP
2022-05-05 07:00:00+00:00,238.6,1482219,0.018784971896477307,0.01878386728018537,GAZP
2022-05-06 07:00:00+00:00,240.1,1801042,0.006267034586385318,0.00626699356339184,GAZP
2022-05-11 07:00:00+00:00,241.99,1660303,0.007840980104592003,0.007840899761638934,GAZP
2022-05-12 07:00:00+00:00,230.56,2443011,-0.04840415235154477,-0.04838527073763453,GAZP
2022-05-13 07:00:00+00:00,235.52,1735320,0.021286310457713578,0.021284703289299583,GAZP
2022-05-16 07:00:00+00:00,244.2,2831192,0.03619962755492638,0.0361917261360928,GAZP
2022-05-17 07:00:00+00:00,258.8,6003237,0.05810063963077883,0.05806800095014119,GAZP
2022-05-18 07:00:00+00:00,264.84,5122760,0.023072353970913916,0.023070307429899652,GAZP
2022-05-19 07:00:00+00:00,266.68,2498091,0.006923623007793998,0.006923567693214056,GAZP
2022-05-20 07:00:00+00:00,263.0,2761513,-0.013895852735880343,-0.013895405572094746,GAZP
2022-05-23 07:00:00+00:00,263.0,3063754,0.0,0.0,GAZP
2022-05-24 07:00:00+00:00,265.8,5238129,0.010590312050285142,0.01059011410138045,GAZP
2022-05-25 07:00:00+00:00,271.4,3755230,0.02085111172844525,0.020849601121623724,GAZP
2022-05-26 07:00:00+00:00,295.89,14640854,0.08650152944018889,0.08639401623324319,GAZP
2022-05-27 07:00:00+00:00,294.5,5431002,-0.004708777943163685,-0.004708760542370424,GAZP
2022-05-28 07:00:00+00:00,292.47,2695,-0.006916960937412378,-0.006916905782351436,GAZP
2022-05-29 07:00:00+00:00,294.36,3785,0.006441455293458924,0.006441410749108388,GAZP
2022-05-30 07:00:00+00:00,300.8,3093088,0.02164377350935169,0.02164208401728641,GAZP
2022-05-31 07:00:00+00:00,293.75,1959222,-0.02371875000000004,-0.023716526617316044,GAZP
2022-06-01 07:00:00+00:00,297.69,2258205,0.013324005337553051,0.013323611135891087,GAZP
2022-06-02 07:00:00+00:00,296.0,1670788,-0.005693253025775944,-0.005693222270199463,GAZP
2022-06-03 07:00:00+00:00,297.0,1877501,0.003372690872690873,0.003372684478639156,GAZP
2022-06-04 07:00:00+00:00,296.53,12830,-0.0015837457069373816,-0.0015837450448663224,GAZP
2022-06-05 07:00:00+00:00,297.33,6003,0.0026942425884417267,0.0026942393288933875,GAZP
2022-06-06 07:00:00+00:00,296.5,1484871,-0.0027954182896695176,-0.002795414648946563,GAZP
2022-06-07 07:00:00+00:00,297.99,1568438,0.0050127314502388335,0.005012710457594141,GAZP
2022-06-08 07:00:00+00:00,308.0,4039244,0.033045865633074906,0.03303985407820009,GAZP
2022-06-09 07:00:00+00:00,306.5,2645135,-0.004882046990529861,-0.004882027597308421,GAZP
2022-06-10 07:00:00+00:00,309.2,2035210,0.008770673780043817,0.008770561337000833,GAZP
2022-06-11 07:00:00+00:00,311.22,21364,0.00651178689750228,0.006511740878097104,GAZP
2022-06-12 07:00:00+00:00,311.74,11181,0.0016694502450175452,0.0016694494695409857,GAZP
2022-06-13 07:00:00+00:00,307.17,51812,-0.014768703631712558,-0.014768166806069885,GAZP
2022-06-14 07:00:00+00:00,317.69,4754229,0.033681089100919104,0.03367472428980611,GAZP
2022-06-15 07:00:00+00:00,316.2,3373498,-0.0047011570857137894,-0.004701139769269483,GAZP
2022-06-16 07:00:00+00:00,316.99,2354712,0.002495305452523234,0.002495302863006858,GAZP
2022-06-17 07:00:00+00:00,315.5,1312949,-0.004711563088798493,-0.004711545657110562,GAZP
2022-06-18 07:00:00+00:00,316.05,12948,0.0017417478176912225,0.0017417469370398786,GAZP
2022-06-19 07:00:00+00:00,316.59,7894,0.0017071332619837932,0.0017071324328007099,GAZP
2022-06-20 07:00:00+00:00,311.98,2107664,-0.014669004188065616,-0.014668478160385776,GAZP
2022-06-21 07:00:00+00:00,301.58,5066142,-0.033910257824932996,-0.033903762253073275,GAZP
2022-06-22 07:00:00+00:00,295.8,4883719,-0.01935297852764702,-0.019351770660950014,GAZP
2022-06-23 07:00:00+00:00,303.5,4675749,0.02570088877452926,0.025698060222853387,GAZP
2022-06-24 07:00:00+00:00,296.0,3594050,-0.025024767353844783,-0.025022156175492603,GAZP
2022-06-25 07:00:00+00:00,297.48,15968,0.0049875621890547875,0.004987541511039188,GAZP
2022-06-26 07:00:00+00:00,296.69,9035,-0.0026591763184383036,-0.0026591731845120843,GAZP
2022-06-27 07:00:00+00:00,296.2,2219792,-0.0016529215695596843,-0.001652920816889098,GAZP
2022-06-28 07:00:00+00:00,297.2,3996176,0.003370417391035667,0.003370411009905794,GAZP
2022-06-29 07:00:00+00:00,297.65,3417036,0.0015129873330319969,0.0015129867557949124,GAZP
2022-06-30 07:00:00+00:00,207.0,30797093,-0.3712375159360237,-0.3631995063340299,GAZP
2022-07-01 07:00:00+00:00,192.5,11437850,-0.07268649225170964,-0.07262263953753013,GAZP
2022-07-02 07:00:00+00:00,193.94,50996,0.007452748138733483,0.007452679148561213,GAZP
2022-07-03 07:00:00+00:00,192.54,33012,-0.007244971906050545,-0.007244908526579719,GAZP
2022-07-04 07:00:00+00:00,186.25,8296914,-0.03322017424427797,-0.033214067090151525,GAZP
2022-07-05 07:00:00+00:00,197.3,7601625,0.05766747058443353,0.05763555576890072,GAZP
2022-07-06 07:00:00+00:00,195.42,8241992,-0.009574470789078117,-0.009574324512372648,GAZP
2022-07-07 07:00:00+00:00,197.92,4374757,0.012712162482035046,0.01271182012798058,GAZP
2022-07-08 07:00:00+00:00,198.0,2889376,0.0004041220613573711,0.0004041220503574785,GAZP
2022-07-09 07:00:00+00:00,199.29,17282,0.0064940652954351185,0.006494019650724327,GAZP
2022-07-10 07:00:00+00:00,199.44,18821,0.0007523889410294918,0.0007523888700428767,GAZP
2022-07-11 07:00:00+00:00,188.9,4655069,-0.05432234608412285,-0.05429566470783856,GAZP
2022-07-12 07:00:00+00:00,191.4,4689099,0.013148083304706952,0.013147704511389986,GAZP
2022-07-13 07:00:00+00:00,186.0,3325351,-0.028622712104358405,-0.028618805305652677,GAZP
2022-07-14 07:00:00+00:00,184.55,2912511,-0.007826324130477152,-0.007826244237193573,GAZP
2022-07-15 07:00:00+00:00,187.61,2305257,0.0164456518029968,0.01644491057951192,GAZP
2022-07-16 07:00:00+00:00,187.93,17550,0.0017042138379262336,0.0017042130129898195,GAZP
2022-07-17 07:00:00+00:00,187.41,15802,-0.0027708264404027586,-0.0027708228949213077,GAZP
2022-07-18 07:00:00+00:00,186.7,1698883,-0.0037956887400935916,-0.0037956796259113273,GAZP
2022-07-19 07:00:00+00:00,189.51,2260157,0.014939298673937593,0.014938743031041812,GAZP
2022-07-20 07:00:00+00:00,193.3,4407860,0.019802886705150315,0.019801592635566592,GAZP
2022-07-21 07:00:00+00:00,189.59,2781490,-0.019380753474422356,-0.019379540400338218,GAZP
2022-07-22 07:00:00+00:00,192.25,1786930,0.013933213351842446,0.013932762571806428,GAZP
2022-07-23 07:00:00+00:00,191.44,3614,-0.004222177330173573,-0.0042221647856354625,GAZP
2022-07-24 07:00:00+00:00,192.24,7102,0.0041701599146769875,0.0041701478280957004,GAZP
2022-07-25 07:00:00+00:00,192.0,2213353,-0.001249219725343368,-0.0012492194004319278,GAZP
2022-07-26 07:00:00+00:00,193.95,2000489,0.010105193832173183,0.010105021858194497,GAZP
2022-07-27 07:00:00+00:00,196.49,2839341,0.013011512655508504,0.013011145543128261,GAZP
2022-07-28 07:00:00+00:00,196.25,2201698,-0.0012221830708553402,-0.0012221827665866952,GAZP
2022-07-29 07:00:00+00:00,195.26,1415152,-0.005057374423518973,-0.005057352864992453,GAZP
2022-07-30 07:00:00+00:00,195.18,11613,-0.0004097940956797867,-0.0004097940842102079,GAZP
2022-07-31 07:00:00+00:00,194.74,8838,-0.002256876078596348,-0.0022568741627048837,GAZP
2022-08-01 07:00:00+00:00,192.0,1308064,-0.014170437720379354,-0.014169963522828675,GAZP
2022-08-02 07:00:00+00:00,187.16,2429944,-0.025534279938733365,-0.025531506029766067,GAZP
2022-08-03 07:00:00+00:00,187.04,1206331,-0.00064136831822877,-0.0006413682742572599,GAZP
2022-08-04 07:00:00+00:00,184.9,1335270,-0.011507613298474445,-0.011507359330679076,GAZP
2022-08-05 07:00:00+00:00,176.58,4909471,-0.04605737484043466,-0.04604110691964271,GAZP
2022-08-06 07:00:00+00:00,179.7,75715,0.01751565782136598,0.01751476231607674,GAZP
2022-08-07 07:00:00+00:00,180.19,32822,0.0027230593144694157,0.0027230559492096625,GAZP
2022-08-08 07:00:00+00:00,177.86,3317567,-0.01301549321662264,-0.013015125767228805,GAZP
2022-08-09 07:00:00+00:00,181.04,2442446,0.017722204910851677,0.01772127735378789,GAZP
2022-08-10 07:00:00+00:00,178.81,2045728,-0.012394529066480427,-0.012394211738170343,GAZP
2022-08-11 07:00:00+00:00,174.1,2679146,-0.026697113127854912,-0.026693942812968257,GAZP
2022-08-12 07:00:00+00:00,174.36,2049920,0.0014922811499089462,0.0014922805960485733,GAZP
2022-08-13 07:00:00+00:00,174.96,33157,0.0034352557548499203,0.003435248998320617,GAZP
2022-08-14 07:00:00+00:00,174.55,14498,-0.002346144969813926,-0.002346142817467379,GAZP
2022-08-15 07:00:00+00:00,174.8,1850265,0.001431230159016287,0.0014312296703900182,GAZP
2022-08-16 07:00:00+00:00,181.3,3308915,0.03651876670019854,0.0365106545393702,GAZP
2022-08-17 07:00:00+00:00,176.5,2423674,-0.02683546123449003,-0.02683224138745394,GAZP
2022-08-18 07:00:00+00:00,178.87,1603545,0.013338804148359154,0.013338408631803042,GAZP
2022-08-19 07:00:00+00:00,177.6,921856,-0.007125514742953443,-0.007125454447084852,GAZP
2022-08-20 07:00:00+00:00,177.02,13191,-0.003271115850909005,-0.0032711100173386898,GAZP
2022-08-21 07:00:00+00:00,177.58,9353,0.0031584963150049356,0.003158491063449958,GAZP
2022-08-22 07:00:00+00:00,181.7,2279598,0.0229377747411027,0.02293576379794459,GAZP
2022-08-23 07:00:00+00:00,184.3,2693193,0.01420836728898213,0.014207889273652248,GAZP
2022-08-24 07:00:00+00:00,182.83,1756229,-0.008008190928605472,-0.008008105335364082,GAZP
2022-08-25 07:00:00+00:00,181.9,1490493,-0.005099695920623974,-0.0050996738163369805,GAZP
2022-08-26 07:00:00+00:00,183.62,1301585,0.009411458123443617,0.009411319191477316,GAZP
2022-08-27 07:00:00+00:00,183.83,15471,0.0011430130281133303,0.001143012779226476,GAZP
2022-08-28 07:00:00+00:00,184.07,10622,0.0013047029200050002,0.001304702549850231,GAZP
2022-08-29 07:00:00+00:00,190.0,3057446,0.03171326554828973,0.03170795211585554,GAZP
2022-08-30 07:00:00+00:00,204.0,11254642,0.07115583075335397,0.07109592168373026,GAZP
2022-08-31 07:00:00+00:00,254.9,23933088,0.22459797767675138,0.22275131753785338,GAZP
2022-09-01 07:00:00+00:00,249.11,8366161,-0.022978767141506273,-0.02297674539943171,GAZP
2022-09-02 07:00:00+00:00,252.8,3778954,0.014704626158999447,0.014704096290064323,GAZP
2022-09-03 07:00:00+00:00,253.2,60516,0.0015810286559880718,0.0015810279973187732,GAZP
2022-09-04 07:00:00+00:00,252.43,38073,-0.003045712420924153,-0.0030457077120875533,GAZP
2022-09-05 07:00:00+00:00,250.0,3035701,-0.009673215544903566,-0.009673064695687083,GAZP
2022-09-06 07:00:00+00:00,246.0,5156915,-0.01613008130081301,-0.016129381929883644,GAZP
2022-09-07 07:00:00+00:00,241.55,3148372,-0.018256058854316505,-0.018255044931947108,GAZP
2022-09-08 07:00:00+00:00,243.95,3913975,0.009886956332482159,0.009886795261430329,GAZP
2022-09-09 07:00:00+00:00,245.34,2727613,0.005681747912258988,0.005681717342759857,GAZP
2022-09-10 07:00:00+00:00,245.65,33403,0.0012627553456390573,0.0012627550100512632,GAZP
2022-09-11 07:00:00+00:00,245.06,20920,-0.002404682410862429,-0.0024046800933567336,GAZP
2022-09-12 07:00:00+00:00,243.3,3128808,-0.007207891143127077,-0.007207828731823466,GAZP
2022-09-13 07:00:00+00:00,242.64,2162580,-0.0027163897497442854,-0.0027163864091513533,GAZP
2022-09-14 07:00:00+00:00,243.32,1983296,0.0027985897253072533,0.0027985860721789556,GAZP
2022-09-15 07:00:00+00:00,243.68,2216438,0.001478440232938822,0.0014784396943470798,GAZP
2022-09-16 07:00:00+00:00,243.8,3737915,0.0004923279202084497,0.0004923279003194609,GAZP
2022-09-17 07:00:00+00:00,244.57,5320,0.0031533546865984232,0.003153349460648079,GAZP
2022-09-18 07:00:00+00:00,245.4,17369,0.0033879722503501906,0.003387965768991817,GAZP
2022-09-19 07:00:00+00:00,244.21,2133315,-0.0048610405416504,-0.004861021397686779,GAZP
2022-09-20 07:00:00+00:00,221.15,21322411,-0.09935002271879678,-0.0991873065647886,GAZP
2022-09-21 07:00:00+00:00,214.07,10013650,-0.03254388179963706,-0.032538139975204695,GAZP
2022-09-22 07:00:00+00:00,231.45,12644599,0.0781401044027296,0.07806080313814838,GAZP
2022-09-23 07:00:00+00:00,224.84,6290528,-0.02897888377185062,-0.028974829343405215,GAZP
2022-09-26 07:00:00+00:00,206.0,10384914,-0.08762461504448472,-0.08751286934429311,GAZP
2022-09-27 07:00:00+00:00,217.3,8132673,0.05342810485258183,0.05340271847280292,GAZP
2022-09-28 07:00:00+00:00,217.38,8342327,0.00036808688096872657,0.00036808687265676445,GAZP
2022-09-29 07:00:00+00:00,226.46,7025717,0.04093277656584929,0.040921354750852575,GAZP
2022-09-30 07:00:00+00:00,217.7,24588842,-0.039460594411292405,-0.03945036064539179,GAZP
2022-10-03 07:00:00+00:00,215.83,5070201,-0.008627014477508825,-0.00862690746962254,GAZP
2022-10-04 07:00:00+00:00,210.72,4975859,-0.0239631155770922,-0.023960822775908282,GAZP
2022-10-05 07:00:00+00:00,209.05,5322122,-0.007956864150420444,-0.007956780192396868,GAZP
2022-10-06 07:00:00+00:00,212.86,5165564,0.018062196776903114,0.01806121481032419,GAZP
2022-10-07 07:00:00+00:00,195.15,10156760,-0.08697546504327233,-0.08686617898627433,GAZP
2022-10-10 07:00:00+00:00,163.89,11698823,-0.17546108169795194,-0.17457302255088816,GAZP
2022-10-11 07:00:00+00:00,162.89,3325808,-0.006120382916237611,-0.006120344706222302,GAZP
2022-10-12 07:00:00+00:00,161.8,1820678,-0.006714172190033676,-0.006714121745122234,GAZP
2022-10-13 07:00:00+00:00,160.84,1984171,-0.005950957719193075,-0.005950922595318119,GAZP
2022-10-14 07:00:00+00:00,159.6,1540494,-0.007739474276339999,-0.0077393970133649865,GAZP
2022-10-15 07:00:00+00:00,161.59,19553,0.012391895094503442,0.012391577968448057,GAZP
2022-10-16 07:00:00+00:00,161.43,28239,-0.0009906509767541407,-0.0009906508147185054,GAZP
2022-10-17 07:00:00+00:00,163.24,2684596,0.011150129395931374,0.011149898368166893,GAZP
2022-10-18 07:00:00+00:00,160.2,2079130,-0.01879958309892603,-0.01879847590334619,GAZP
2022-10-19 07:00:00+00:00,161.29,2364969,0.006781004261134637,0.006780952294832315,GAZP
2022-10-20 07:00:00+00:00,160.75,1436185,-0.003353630097617844,-0.0033536238113623345,GAZP
2022-10-21 07:00:00+00:00,166.99,3553543,0.03809277373590419,0.03808356726661226,GAZP
2022-10-22 07:00:00+00:00,169.08,72104,0.012438366021302653,0.01243804531424806,GAZP
2022-10-23 07:00:00+00:00,168.58,30146,-0.0029615654584868897,-0.002961561129253038,GAZP
2022-10-24 07:00:00+00:00,165.47,2593178,-0.01862158111111558,-0.018620505065583264,GAZP
2022-10-25 07:00:00+00:00,172.38,4764135,0.04092284622384402,0.04091143271550023,GAZP
2022-10-26 07:00:00+00:00,171.98,3457742,-0.002323153326190122,-0.0023231512365028037,GAZP
2022-10-27 07:00:00+00:00,172.47,2331706,0.002845121158952054,0.00284511732055886,GAZP
2022-10-28 07:00:00+00:00,170.74,2976507,-0.010081547490720027,-0.010081376721148845,GAZP
2022-10-29 07:00:00+00:00,171.72,42809,0.005723343020001309,0.005723311774199503,GAZP
2022-10-30 07:00:00+00:00,171.57,20794,-0.0008738968722572203,-0.0008738967610253445,GAZP
2022-10-31 07:00:00+00:00,170.27,1602991,-0.0076060074971731235,-0.0076059341627818435,GAZP
2022-11-01 07:00:00+00:00,169.92,1681899,-0.0020576758310193732,-0.0020576743789787163,GAZP
2022-11-02 07:00:00+00:00,167.72,1846868,-0.013032184615826777,-0.013031815751012048,GAZP
2022-11-03 07:00:00+00:00,169.14,1817509,0.008430951928332198,0.008430852051514306,GAZP
2022-11-04 07:00:00+00:00,169.5,16220,0.0021261540683165303,0.002126152466428763,GAZP
2022-11-05 07:00:00+00:00,168.9,16527,-0.0035461104387053844,-0.0035461030067504774,GAZP
2022-11-06 07:00:00+00:00,169.3,12423,0.0023654675313003375,0.002365465325335269,GAZP
2022-11-07 07:00:00+00:00,169.85,2204832,0.003243411154103595,0.003243405467503083,GAZP
2022-11-08 07:00:00+00:00,169.97,2524928,0.0007062563413803972,0.0007062562826672746,GAZP
2022-11-09 07:00:00+00:00,167.1,1909168,-0.017030338405548906,-0.0170295152879121,GAZP
2022-11-10 07:00:00+00:00,168.9,2397337,0.010714593212177713,0.010714388212406488,GAZP
2022-11-11 07:00:00+00:00,169.86,1659714,0.00566777488262724,0.005667744538108864,GAZP
2022-11-12 07:00:00+00:00,170.24,22186,0.002234639661233594,0.0022346378014163628,GAZP
2022-11-13 07:00:00+00:00,170.29,12876,0.00029365988945428924,0.0002936598852336524,GAZP
2022-11-14 07:00:00+00:00,169.6,3008163,-0.004060153835798408,-0.004060142680710512,GAZP
2022-11-15 07:00:00+00:00,166.25,3322456,-0.019951367215207797,-0.01995004382183914,GAZP
2022-11-16 07:00:00+00:00,168.76,1413942,0.01498546853029701,0.014984907720174313,GAZP
2022-11-17 07:00:00+00:00,168.99,1092131,0.0013619547396471338,0.0013619543185944879,GAZP
2022-11-18 07:00:00+00:00,168.79,1013981,-0.0011842031506711325,-0.0011842028738959921,GAZP
2022-11-19 07:00:00+00:00,168.44,14962,-0.002075736897722084,-0.0020757354071094134,GAZP
2022-11-20 07:00:00+00:00,167.92,10130,-0.0030919327078324597,-0.0030919277813494816,GAZP
2022-11-21 07:00:00+00:00,168.13,1027883,0.0012498145038350329,0.0012498141784593449,GAZP
2022-11-22 07:00:00+00:00,168.08,994912,-0.0002974331584772253,-0.0002974331540917667,GAZP
2022-11-23 07:00:00+00:00,169.15,1836494,0.00634588128086181,0.006345838689972502,GAZP
2022-11-24 07:00:00+00:00,168.96,1080611,-0.0011238949454267639,-0.001123894708820801,GAZP
2022-11-25 07:00:00+00:00,169.03,1019108,0.00041421345603430177,0.0004142134441897841,GAZP
2022-11-26 07:00:00+00:00,168.68,11248,-0.0020727865679929774,-0.0020727850837272354,GAZP
2022-11-27 07:00:00+00:00,169.08,11477,0.002368549034827522,0.0023685468202300952,GAZP
2022-11-28 07:00:00+00:00,168.1,956967,-0.005812968020798389,-0.0058129352840193445,GAZP
2022-11-29 07:00:00+00:00,168.1,980433,0.0,0.0,GAZP
2022-11-30 07:00:00+00:00,167.7,1183851,-0.0023823738390095963,-0.002382371585406808,GAZP
2022-12-01 07:00:00+00:00,166.98,1199065,-0.004302637338761977,-0.0043026240633087165,GAZP
2022-12-02 07:00:00+00:00,165.86,2038056,-0.006730036546124927,-0.006729985742796621,GAZP
2022-12-03 07:00:00+00:00,165.22,13553,-0.0038661495199288137,-0.0038661398886985945,GAZP
2022-12-04 07:00:00+00:00,165.59,11098,0.0022369363855913177,0.00223693452003362,GAZP
2022-12-05 07:00:00+00:00,165.03,1227296,-0.0033875845780502773,-0.0033875780989164384,GAZP
2022-12-06 07:00:00+00:00,164.3,1348959,-0.004433265033904949,-0.004433250512253976,GAZP
2022-12-07 07:00:00+00:00,163.7,1122582,-0.003658548827684348,-0.003658540666133302,GAZP
2022-12-08 07:00:00+00:00,163.0,884701,-0.004285296685917234,-0.004285283570326826,GAZP
2022-12-09 07:00:00+00:00,162.75,831852,-0.001534920320790101,-0.0015349197180837017,GAZP
2022-12-10 07:00:00+00:00,162.89,12450,0.0008598453867870944,0.0008598452808349296,GAZP
2022-12-11 07:00:00+00:00,163.6,10665,0.004349311511315904,0.004349297799133101,GAZP
2022-12-12 07:00:00+00:00,162.89,1317548,-0.004349311511315904,-0.0043492977991330135,GAZP
2022-12-13 07:00:00+00:00,162.4,849460,-0.0030127031993241555,-0.0030126986419359825,GAZP
2022-12-14 07:00:00+00:00,160.74,1389385,-0.010274455703945584,-0.010274274943005134,GAZP
2022-12-15 07:00:00+00:00,160.31,2202315,-0.0026787152865070775,-0.002678712082990212,GAZP
2022-12-16 07:00:00+00:00,160.24,1372683,-0.0004367493579043397,-0.0004367493440193196,GAZP
2022-12-17 07:00:00+00:00,160.16,12337,-0.0004993758114078416,-0.00049937579065239,GAZP
2022-12-18 07:00:00+00:00,160.53,12419,0.002307527472216344,0.0023075254244125033,GAZP
2022-12-19 07:00:00+00:00,157.61,1933504,-0.01835824484589384,-0.018357213803873222,GAZP
2022-12-20 07:00:00+00:00,158.94,1567117,0.00840324421994134,0.008403145324583618,GAZP
2022-12-21 07:00:00+00:00,157.59,1652516,-0.008530152321954155,-0.008530048878053456,GAZP
2022-12-22 07:00:00+00:00,157.95,1057157,0.0022818055941984192,0.0022818036141142675,GAZP
2022-12-23 07:00:00+00:00,160.89,2330013,0.018443419872968,0.018442374414849205,GAZP
2022-12-24 07:00:00+00:00,162.68,18410,0.011064405116346206,0.011064179376080447,GAZP
2022-12-25 07:00:00+00:00,161.78,13277,-0.0055477219060645535,-0.005547693449217315,GAZP
2022-12-26 07:00:00+00:00,162.12,1514927,0.0020994157125102126,0.0020994141703012184,GAZP
2022-12-27 07:00:00+00:00,164.07,2033396,0.01195664913835718,0.011956364266683171,GAZP
2022-12-28 07:00:00+00:00,161.82,1361210,-0.013808998478836423,-0.013808559647097474,GAZP
2022-12-29 07:00:00+00:00,162.91,923456,0.006713345124656687,0.006713294698384403,GAZP
2022-12-30 07:00:00+00:00,162.56,1164331,-0.002150738346060323,-0.002150736687960882,GAZP
2022-12-31 07:00:00+00:00,163.44,15101,0.005398812345593336,0.005398786119249427,GAZP
2023-01-01 07:00:00+00:00,164.16,8912,0.004395625627946511,0.004395611473038129,GAZP
2023-01-02 07:00:00+00:00,164.91,12607,0.004558324343847309,0.004558308558273876,GAZP
2023-01-03 07:00:00+00:00,163.52,638614,-0.00846466460505461,-0.008464563525338956,GAZP
2023-01-04 07:00:00+00:00,162.51,667717,-0.006195808317561428,-0.006195768677422581,GAZP
2023-01-05 07:00:00+00:00,161.2,760599,-0.008093796632938657,-0.00809370826538926,GAZP
2023-01-06 07:00:00+00:00,162.1,524716,0.005567627433361484,0.0055675986691025815,GAZP
2023-01-07 07:00:00+00:00,163.01,9325,0.005598149116476675,0.005598119876568022,GAZP
2023-01-08 07:00:00+00:00,161.81,12676,-0.007388808436201496,-0.007388741206481639,GAZP
2023-01-09 07:00:00+00:00,162.71,974705,0.005546696180577041,0.005546667739511,GAZP
2023-01-10 07:00:00+00:00,162.1,734843,-0.0037560552412484174,-0.0037560464095972323,GAZP
2023-01-11 07:00:00+00:00,165.83,2524710,0.022751700891963267,0.02274973848437702,GAZP
2023-01-12 07:00:00+00:00,164.17,1137461,-0.010060860640106487,-0.010060690919580745,GAZP
2023-01-13 07:00:00+00:00,164.56,1225119,0.0023727712647369026,0.00237276903827497,GAZP
2023-01-14 07:00:00+00:00,164.67,16134,0.0006682259349357355,0.0006682258852056404,GAZP
2023-01-15 07:00:00+00:00,165.38,15463,0.004302398337354257,0.004302385064113068,GAZP
2023-01-16 07:00:00+00:00,165.8,1468458,0.0025363891267121126,0.00253638640717399,GAZP
2023-01-17 07:00:00+00:00,162.33,1807126,-0.021152519436311835,-0.02115094237844098,GAZP
2023-01-18 07:00:00+00:00,162.18,1447441,-0.0009244709380249801,-0.0009244708063423797,GAZP
2023-01-19 07:00:00+00:00,160.53,1563785,-0.010226166749390735,-0.010225988525088336,GAZP
2023-01-20 07:00:00+00:00,158.85,1652336,-0.01052067434555052,-0.010520480275797855,GAZP
2023-01-21 07:00:00+00:00,159.93,20290,0.006775910636540958,0.006775858787254222,GAZP
2023-01-22 07:00:00+00:00,160.12,13916,0.0011873149005562638,0.001187314621593578,GAZP
2023-01-23 07:00:00+00:00,160.06,1509445,-0.0003747891942470254,-0.0003747891854727999,GAZP
2023-01-24 07:00:00+00:00,157.88,1662043,-0.013713923974734499,-0.013713494144253737,GAZP
2023-01-25 07:00:00+00:00,158.99,1557064,0.00700611368128816,0.0070060563659715205,GAZP
2023-01-26 07:00:00+00:00,157.58,1238310,-0.008908159157141677,-0.008908041343075651,GAZP
2023-01-27 07:00:00+00:00,159.08,1229034,0.009474096246334305,0.009473954521947875,GAZP
2023-01-28 07:00:00+00:00,158.79,11839,-0.0018246468139596643,-0.0018246458014840826,GAZP
2023-01-29 07:00:00+00:00,158.71,11542,-0.0005039370398679342,-0.0005039370185385596,GAZP
2023-01-30 07:00:00+00:00,158.41,1073752,-0.0018920299475471132,-0.0018920288187079639,GAZP
2023-01-31 07:00:00+00:00,158.1,1512905,-0.0019588657380760666,-0.001958864485333034,GAZP
2023-02-01 07:00:00+00:00,158.12,1424034,0.00012649421339582672,0.00012649421305853452,GAZP
2023-02-02 07:00:00+00:00,158.1,1199130,-0.00012649421339582672,-0.00012649421305846364,GAZP
2023-02-03 07:00:00+00:00,160.87,6953647,0.0173697144955834,0.01736884118679025,GAZP
2023-02-04 07:00:00+00:00,161.67,23550,0.00496065555646069,0.004960635211298306,GAZP
2023-02-05 07:00:00+00:00,160.65,24882,-0.006329177307095176,-0.0063291350516474,GAZP
2023-02-06 07:00:00+00:00,160.14,2814107,-0.003179658275199797,-0.0031796529173797957,GAZP
2023-02-07 07:00:00+00:00,159.87,1395333,-0.0016874484685159997,-0.0016874476676870512,GAZP
2023-02-08 07:00:00+00:00,158.18,1667937,-0.010627559930374886,-0.01062735988552944,GAZP
2023-02-09 07:00:00+00:00,159.19,2765565,0.006364875250242447,0.006364832275773402,GAZP
2023-02-10 07:00:00+00:00,158.68,987370,-0.003208867227749044,-0.003208861720915154,GAZP
2023-02-11 07:00:00+00:00,159.37,13971,0.004338960839930605,0.0043389472254127814,GAZP
2023-02-12 07:00:00+00:00,159.27,14725,-0.0006276676490657813,-0.0006276676078524018,GAZP
2023-02-13 07:00:00+00:00,158.01,1141780,-0.007942636608747201,-0.00794255310028227,GAZP
2023-02-14 07:00:00+00:00,156.52,1861244,-0.009474666571177855,-0.009474524821195816,GAZP
2023-02-15 07:00:00+00:00,153.09,2754942,-0.022159626774901006,-0.022157813598221943,GAZP
2023-02-16 07:00:00+00:00,153.56,1732186,0.0030653911893078396,0.0030653863886071584,GAZP
2023-02-17 07:00:00+00:00,153.62,1326150,0.0003906504478749838,0.0003906504379388694,GAZP
2023-02-18 07:00:00+00:00,153.65,18594,0.00019526800719870532,0.00019526800595784675,GAZP
2023-02-19 07:00:00+00:00,154.27,16571,0.0040270363316976115,0.004027025447354487,GAZP
2023-02-20 07:00:00+00:00,153.24,1531343,-0.006699044296107015,-0.00669899419139986,GAZP
2023-02-21 07:00:00+00:00,154.97,2139171,0.011226465771947238,0.011226229966795337,GAZP
2023-02-22 07:00:00+00:00,155.31,1165199,0.0021915715370201517,0.0021915697826761,GAZP
2023-02-23 07:00:00+00:00,155.93,14877,0.0039840795546085064,0.003984069014874513,GAZP
2023-02-24 07:00:00+00:00,154.22,997769,-0.01102725766626313,-0.01102703419197961,GAZP
2023-02-25 07:00:00+00:00,154.43,11336,0.0013607652500454977,0.0013607648300950701,GAZP
2023-02-26 07:00:00+00:00,152.74,17019,-0.011004011838709634,-0.011003789774671488,GAZP
2023-02-27 07:00:00+00:00,156.34,1712827,0.023298100524554805,0.023295993331946298,GAZP
2023-02-28 07:00:00+00:00,157.66,1843036,0.008407791895579886,0.008407692839577723,GAZP
2023-03-01 07:00:00+00:00,164.5,6771279,0.04248252269995803,0.04246975457366445,GAZP
2023-03-02 07:00:00+00:00,160.9,5316697,-0.022129321956094197,-0.02212751620708899,GAZP
2023-03-03 07:00:00+00:00,162.27,2131889,0.00847866213509142,0.008478560553107774,GAZP
2023-03-04 07:00:00+00:00,162.14,21061,-0.0008014550776841243,-0.0008014549918843561,GAZP
2023-03-05 07:00:00+00:00,162.81,12861,0.004123728871203717,0.004123717183862156,GAZP
2023-03-06 07:00:00+00:00,163.35,1947482,0.003311267354686573,0.003311261303656005,GAZP
2023-03-07 07:00:00+00:00,162.57,1385412,-0.004786478077424083,-0.004786459800946679,GAZP
2023-03-08 07:00:00+00:00,162.61,14049,0.00024601759398036176,0.00024601759149871363,GAZP
2023-03-09 07:00:00+00:00,161.21,1394955,-0.008646940700791026,-0.008646832949723939,GAZP
2023-03-10 07:00:00+00:00,160.04,1724013,-0.007284143311917297,-0.007284078898872995,GAZP
2023-03-11 07:00:00+00:00,159.19,17692,-0.005325351792273643,-0.00532532662198968,GAZP
2023-03-12 07:00:00+00:00,160.3,7424,0.0069486581652429755,0.006948602248462729,GAZP
2023-03-13 07:00:00+00:00,159.03,2024112,-0.007954279823927948,-0.007954195947682957,GAZP
2023-03-14 07:00:00+00:00,161.0,1749218,0.012311812334326537,0.012311501316638662,GAZP
2023-03-15 07:00:00+00:00,159.68,2494979,-0.008232645415053667,-0.008232552421309158,GAZP
2023-03-16 07:00:00+00:00,159.71,2091609,0.00018785810616914206,0.00018785810506421978,GAZP
2023-03-17 07:00:00+00:00,163.29,4174941,0.02216990614675813,0.02216809044600029,GAZP
2023-03-18 07:00:00+00:00,164.46,32577,0.007139679084684106,0.007139618428531064,GAZP
2023-03-19 07:00:00+00:00,164.86,37634,0.0024292517316016797,0.002429249342331993,GAZP
2023-03-20 07:00:00+00:00,175.7,12806243,0.0637244163844784,0.06368136630796992,GAZP
2023-03-21 07:00:00+00:00,170.55,10746577,-0.029753874730169945,-0.029749486328396694,GAZP
2023-03-22 07:00:00+00:00,168.72,3893709,-0.01078818194670167,-0.01078797269413569,GAZP
2023-03-23 07:00:00+00:00,168.84,1875555,0.0007109848036792531,0.0007109847437789285,GAZP
2023-03-24 07:00:00+00:00,169.03,1477548,0.0011246932848988696,0.001124693047788433,GAZP
2023-03-25 07:00:00+00:00,169.48,14624,0.0026587149285672734,0.0026587117962721192,GAZP
2023-03-26 07:00:00+00:00,169.8,12039,0.0018863492375904506,0.0018863481188885474,GAZP
2023-03-27 07:00:00+00:00,172.33,3603128,0.014790508622997614,0.014789969416238682,GAZP
2023-03-28 07:00:00+00:00,171.07,2704982,-0.007338479694561259,-0.007338413829285326,GAZP
2023-03-29 07:00:00+00:00,170.95,2244739,-0.0007017134364777214,-0.0007017133788902636,GAZP
2023-03-30 07:00:00+00:00,171.71,1471291,0.004435905788017617,0.004435891240401005,GAZP
2023-03-31 07:00:00+00:00,169.83,3137560,-0.011009292992938442,-0.011009070609032987,GAZP
2023-04-02 07:00:00+00:00,170.75,23040,0.005402588015627301,0.005402561734221053,GAZP
2023-04-03 07:00:00+00:00,170.38,2279121,-0.0021692635375202404,-0.0021692618362050354,GAZP
2023-04-04 07:00:00+00:00,172.55,7319708,0.012656150778108066,0.012655812929318066,GAZP
2023-04-05 07:00:00+00:00,173.86,3290565,0.007563400215796634,0.007563328106905798,GAZP
2023-04-06 07:00:00+00:00,171.6,3025096,-0.013084563927196043,-0.013084190597056466,GAZP
2023-04-07 07:00:00+00:00,173.09,1792751,0.008645611085815656,0.008645503384445636,GAZP
2023-04-08 07:00:00+00:00,174.02,20331,0.005358570343817712,0.005358544699571015,GAZP
2023-04-09 07:00:00+00:00,174.07,17755,0.0002872820306910281,0.00028728202673931,GAZP
2023-04-10 07:00:00+00:00,174.54,2336999,0.0026964278380333818,0.0026964245705473826,GAZP
2023-04-11 07:00:00+00:00,177.18,11820394,0.015012787131311451,0.015012223248721111,GAZP
2023-04-12 07:00:00+00:00,178.75,3741772,0.008822131023959633,0.008822016590230611,GAZP
2023-04-13 07:00:00+00:00,178.73,3077117,-0.00011189437206339926,-0.00011189437182985165,GAZP
2023-04-14 07:00:00+00:00,179.5,2038088,0.0042989339672499524,0.004298920726046372,GAZP
2023-04-15 07:00:00+00:00,180.19,29398,0.0038366512228426046,0.0038366418103892544,GAZP
2023-04-16 07:00:00+00:00,181.88,20118,0.009335414809622355,0.009335279218086908,GAZP
2023-04-17 07:00:00+00:00,181.99,2869501,0.0006046115923422108,0.0006046115555057705,GAZP
2023-04-18 07:00:00+00:00,184.39,4150669,0.013101714004729856,0.013101339204757607,GAZP
2023-04-19 07:00:00+00:00,182.01,4795067,-0.012991814542431396,-0.012991449094757156,GAZP
2023-04-20 07:00:00+00:00,181.74,3861308,-0.0014845369003973164,-0.0014845363551151665,GAZP
2023-04-21 07:00:00+00:00,181.72,2094255,-0.00011005337622059627,-0.00011005337599843987,GAZP
2023-04-22 07:00:00+00:00,181.47,15926,-0.001376690539137897,-0.0013766901042699543,GAZP
2023-04-23 07:00:00+00:00,181.13,10250,-0.0018753463813474067,-0.0018753452821073128,GAZP
2023-04-24 07:00:00+00:00,181.56,4437597,0.002371174305409153,0.002371172083439622,GAZP
2023-04-25 07:00:00+00:00,178.93,2927338,-0.014592027474968154,-0.014591509684494307,GAZP
2023-04-26 07:00:00+00:00,178.38,1660920,-0.0030785665285777385,-0.0030785616657092595,GAZP
2023-04-27 07:00:00+00:00,183.95,4928697,0.030752720545127794,0.030747875312722085,GAZP
2023-04-28 07:00:00+00:00,181.13,3884571,-0.015449590590027141,-0.015448976045958088,GAZP
2023-04-29 07:00:00+00:00,181.03,13473,-0.0005522421450424034,-0.0005522421169726824,GAZP
2023-04-30 07:00:00+00:00,179.51,11448,-0.008431946617045761,-0.00843184670487382,GAZP
2023-05-01 07:00:00+00:00,180.81,19682,0.007215902099709943,0.007215839480083784,GAZP
2023-05-02 07:00:00+00:00,177.97,3309609,-0.015832420766972062,-0.01583175940116818,GAZP
2023-05-03 07:00:00+00:00,172.87,3766412,-0.02907922650769561,-0.029075129827198842,GAZP
2023-05-04 07:00:00+00:00,173.66,2047121,0.004559513495734327,0.004559497697803645,GAZP
2023-05-05 07:00:00+00:00,172.09,2269694,-0.009081893698011722,-0.009081768855679418,GAZP
2023-05-06 07:00:00+00:00,172.32,15299,0.0013356180283544978,0.0013356176312588714,GAZP
2023-05-07 07:00:00+00:00,171.3,21609,-0.005936842952548567,-0.00593680807800412,GAZP
2023-05-08 07:00:00+00:00,170.84,1149106,-0.002688962597230885,-0.002688959356808556,GAZP
2023-05-09 07:00:00+00:00,171.1,12537,0.0015207355110327904,0.0015207349248819904,GAZP
2023-05-10 07:00:00+00:00,175.53,5098174,0.025564571360951027,0.025561787570106603,GAZP
2023-05-11 07:00:00+00:00,174.13,5046497,-0.008007907361112536,-0.008007821776963119,GAZP
2023-05-12 07:00:00+00:00,173.95,2345142,-0.0010342452777226054,-0.0010342450933403047,GAZP
2023-05-13 07:00:00+00:00,173.83,12301,-0.0006900915192751946,-0.0006900914645018813,GAZP
2023-05-14 07:00:00+00:00,173.92,13931,0.0005176132625636411,0.0005176132394501514,GAZP
2023-05-15 07:00:00+00:00,179.04,5617248,0.02901789200996753,0.02901382119071573,GAZP
2023-05-16 07:00:00+00:00,177.06,5124228,-0.011120815591206812,-0.011120586380711981,GAZP
2023-05-17 07:00:00+00:00,176.3,3700978,-0.004301582044766043,-0.004301568779078397,GAZP
2023-05-18 07:00:00+00:00,175.26,3398401,-0.005916538294066289,-0.005916503776120089,GAZP
2023-05-19 07:00:00+00:00,174.43,3181479,-0.004747088426633368,-0.004747070597661031,GAZP
2023-05-20 07:00:00+00:00,175.31,27097,0.005032341575720847,0.005032320335739241,GAZP
2023-05-21 07:00:00+00:00,174.27,31354,-0.005950049801033291,-0.005950014693231846,GAZP
2023-05-22 07:00:00+00:00,172.47,4390932,-0.01038269890343866,-0.010382512369241675,GAZP
2023-05-23 07:00:00+00:00,166.59,18061598,-0.03469456099396953,-0.034687604381683695,GAZP
2023-05-24 07:00:00+00:00,162.96,6591042,-0.022032714209066332,-0.022030932003075154,GAZP
2023-05-25 07:00:00+00:00,162.3,3934562,-0.004058308537890048,-0.0040582973980048355,GAZP
2023-05-26 07:00:00+00:00,164.48,3765573,0.013342903627571425,0.013342507746254605,GAZP
2023-05-27 07:00:00+00:00,163.95,27573,-0.0032274845793832537,-0.0032274789761430724,GAZP
2023-05-28 07:00:00+00:00,165.65,17911,0.0103158084074981,0.010315625455247696,GAZP
2023-05-29 07:00:00+00:00,163.6,3407028,-0.012453026419594806,-0.012452704577258243,GAZP
2023-05-30 07:00:00+00:00,161.9,4063432,-0.010445753438311183,-0.010445563485057128,GAZP
2023-05-31 07:00:00+00:00,162.94,2298382,0.006403217954702429,0.006403174198906233,GAZP
2023-06-01 07:00:00+00:00,161.55,1871931,-0.008567447418616297,-0.008567342611988365,GAZP
2023-06-02 07:00:00+00:00,162.58,1684317,0.006355538833554377,0.006355496047918897,GAZP
2023-06-03 07:00:00+00:00,161.89,18624,-0.0042531088872761035,-0.004253096065012005,GAZP
2023-06-04 07:00:00+00:00,162.83,12729,0.005789651867148131,0.005789619522714637,GAZP
2023-06-05 07:00:00+00:00,162.47,2960690,-0.0022133442416220075,-0.002213342434470035,GAZP
2023-06-06 07:00:00+00:00,163.16,1829688,0.004237957793418706,0.004237945107698608,GAZP
2023-06-07 07:00:00+00:00,164.65,3242019,0.009090819583794069,0.009090694373015672,GAZP
2023-06-08 07:00:00+00:00,166.18,2163375,0.009249661303749135,0.009249529414461994,GAZP
2023-06-09 07:00:00+00:00,165.58,2074095,-0.0036170844133622095,-0.0036170765261754724,GAZP
2023-06-10 07:00:00+00:00,165.31,19260,-0.0016319633701407737,-0.0016319626457391425,GAZP
2023-06-11 07:00:00+00:00,165.55,10389,0.0014507654372433287,0.0014507649283345442,GAZP
2023-06-12 07:00:00+00:00,165.18,24221,-0.002237477477596107,-0.0022374756106843226,GAZP
2023-06-13 07:00:00+00:00,168.43,2332394,0.019485677708557587,0.019484444827723674,GAZP
2023-06-14 07:00:00+00:00,167.88,1877280,-0.0032708005767882846,-0.0032707947449045842,GAZP
2023-06-15 07:00:00+00:00,171.86,4511540,0.023432897393279833,0.023430753419686944,GAZP
2023-06-16 07:00:00+00:00,169.87,2535411,-0.011647016563230465,-0.01164675325385728,GAZP
2023-06-17 07:00:00+00:00,170.59,23893,0.004229590671939745,0.004229578061208545,GAZP
2023-06-18 07:00:00+00:00,171.62,14507,0.006019750042626119,0.006019713686546762,GAZP
2023-06-19 07:00:00+00:00,170.19,2352492,-0.008367368006523237,-0.008367270372389404,GAZP
2023-06-20 07:00:00+00:00,169.64,1839465,-0.0032369210527275353,-0.0032369154001956474,GAZP
2023-06-21 07:00:00+00:00,170.2,1926353,0.003295677498849447,0.0032956715328837315,GAZP
2023-06-22 07:00:00+00:00,168.41,1724169,-0.010572930647192946,-0.010572733671310815,GAZP
2023-06-23 07:00:00+00:00,165.8,3123093,-0.015619874854498336,-0.01561923976676823,GAZP
2023-06-24 07:00:00+00:00,161.88,166587,-0.023929205776636084,-0.02392692269352982,GAZP
2023-06-26 07:00:00+00:00,166.91,2785786,0.030604200373015082,0.03059942498266125,GAZP
2023-06-27 07:00:00+00:00,166.45,1393325,-0.002759784472555368,-0.0027597809692922197,GAZP
2023-06-28 07:00:00+00:00,168.05,1679801,0.00956673607257434,0.009566590150080793,GAZP
2023-06-29 07:00:00+00:00,167.88,1838443,-0.001012115878522866,-0.001012115705724639,GAZP
2023-06-30 07:00:00+00:00,166.86,1569044,-0.006094338715767228,-0.006094300991461563,GAZP
2023-07-01 07:00:00+00:00,168.21,15979,0.008058148534858438,0.008058061329762441,GAZP
2023-07-02 07:00:00+00:00,167.99,9743,-0.0013087453551740083,-0.001308744981567932,GAZP
2023-07-03 07:00:00+00:00,166.82,1069149,-0.006989123908022692,-0.006989067008657245,GAZP
2023-07-04 07:00:00+00:00,165.5,1489133,-0.007944275556518172,-0.00794419199634807,GAZP
2023-07-05 07:00:00+00:00,165.71,1458734,0.0012680781644342934,0.0012680778245849516,GAZP
2023-07-06 07:00:00+00:00,166.36,1537570,0.003914852232821479,0.003914842233008567,GAZP
2023-07-07 07:00:00+00:00,166.34,1024670,-0.00012022843445918011,-0.00012022843416948414,GAZP
2023-07-08 07:00:00+00:00,167.41,15728,0.006412050924273634,0.006412006987151874,GAZP
2023-07-09 07:00:00+00:00,167.86,13712,0.002684408450974074,0.002684405226988146,GAZP
2023-07-10 07:00:00+00:00,167.59,1952172,-0.0016097789531590739,-0.001609778257899549,GAZP
2023-07-11 07:00:00+00:00,168.85,1627614,0.0074902964729676,0.007490226434794632,GAZP
2023-07-12 07:00:00+00:00,170.3,2465153,0.008550945039246107,0.008550840837066077,GAZP
2023-07-13 07:00:00+00:00,168.96,1997047,-0.007899669311286696,-0.00789958715074602,GAZP
2023-07-14 07:00:00+00:00,169.7,1211102,0.004370185632845728,0.004370171722283772,GAZP
2023-07-15 07:00:00+00:00,170.79,23580,0.006402603134113209,0.006402559390919627,GAZP
2023-07-16 07:00:00+00:00,170.08,18923,-0.004165829086426153,-0.00416581703746225,GAZP
2023-07-17 07:00:00+00:00,170.63,2459429,0.0032285605543817056,0.0032285549455355824,GAZP
2023-07-18 07:00:00+00:00,174.89,4764266,0.024662234672557598,0.024659735321926276,GAZP
2023-07-19 07:00:00+00:00,173.04,3256859,-0.010634623660279976,-0.010634423216296542,GAZP
2023-07-20 07:00:00+00:00,169.92,2921705,-0.01819604754852413,-0.018195043591229306,GAZP
2023-07-21 07:00:00+00:00,171.19,1681774,0.007446381546632369,0.007446312733112996,GAZP
2023-07-22 07:00:00+00:00,172.98,27021,0.01040211767442565,0.01040193009167871,GAZP
2023-07-23 07:00:00+00:00,171.06,12996,-0.011161840482184038,-0.011161608725730158,GAZP
2023-07-24 07:00:00+00:00,171.98,1526581,0.005363844550156917,0.005363818830114857,GAZP
2023-07-25 07:00:00+00:00,171.86,1397906,-0.0006979991543512036,-0.0006979990976733552,GAZP
2023-07-26 07:00:00+00:00,171.35,1492282,-0.0029719479393842743,-0.002971943564459231,GAZP
2023-07-27 07:00:00+00:00,172.0,1697785,0.0037862375391046806,0.0037862284928353186,GAZP
2023-07-28 07:00:00+00:00,171.44,1561678,-0.003261131428447419,-0.003261125648131488,GAZP
2023-07-29 07:00:00+00:00,171.81,21017,0.0021558655785402555,0.0021558639085539947,GAZP
2023-07-30 07:00:00+00:00,173.25,14536,0.00834651990230826,0.00834642299613704,GAZP
2023-07-31 07:00:00+00:00,174.33,4047466,0.006214456684255414,0.006214416685111413,GAZP
2023-08-01 07:00:00+00:00,173.21,3544507,-0.006445368198510335,-0.006445323572935118,GAZP
2023-08-02 07:00:00+00:00,174.07,3473618,0.004952806231167349,0.004952785982429108,GAZP
2023-08-03 07:00:00+00:00,177.1,6080822,0.01725788417511638,0.017257027624169894,GAZP
2023-08-04 07:00:00+00:00,173.46,6599962,-0.020769012368127986,-0.020767519532478042,GAZP
2023-08-05 07:00:00+00:00,173.6,28677,0.0008067770574604124,0.00080677696994011,GAZP
2023-08-06 07:00:00+00:00,174.45,21791,0.004884384827628076,0.004884365406533189,GAZP
2023-08-07 07:00:00+00:00,172.52,3186274,-0.011125225336400448,-0.01112499585314061,GAZP
2023-08-08 07:00:00+00:00,172.71,2909483,0.0011007157984520787,0.001100715576185493,GAZP
2023-08-09 07:00:00+00:00,174.51,3158418,0.010368344996601568,0.010368159234951777,GAZP
2023-08-10 07:00:00+00:00,176.65,5088633,0.01218862899009151,0.012188327214374517,GAZP
2023-08-11 07:00:00+00:00,176.35,2356215,-0.0016997179415180505,-0.00169971712309328,GAZP
2023-08-12 07:00:00+00:00,177.85,39014,0.008469942981325872,0.008469841712403258,GAZP
2023-08-13 07:00:00+00:00,176.57,26712,-0.007223162888598346,-0.007223100079757401,GAZP
2023-08-14 07:00:00+00:00,177.09,16342141,0.0029406838443045364,0.0029406796060008626,GAZP
2023-08-15 07:00:00+00:00,176.16,7053951,-0.005265429276482094,-0.00526540494633791,GAZP
2023-08-16 07:00:00+00:00,174.14,4878253,-0.011533355249782381,-0.011533099573900396,GAZP
2023-08-17 07:00:00+00:00,174.14,2582372,0.0,0.0,GAZP
2023-08-18 07:00:00+00:00,175.48,1943488,0.00766557796850585,0.00766550289754381,GAZP
2023-08-19 07:00:00+00:00,177.1,20219,0.00918959782747062,0.009189468490774743,GAZP
2023-08-20 07:00:00+00:00,177.46,16542,0.0020306880140572763,0.002030686618403877,GAZP
2023-08-21 07:00:00+00:00,176.36,2705017,-0.006217910983335617,-0.0062178709174548225,GAZP
2023-08-22 07:00:00+00:00,176.48,1820081,0.0006801950679057615,0.0006801950154553413,GAZP
2023-08-23 07:00:00+00:00,173.65,2909230,-0.01616648043095817,-0.01616577631510917,GAZP
2023-08-24 07:00:00+00:00,174.97,1666051,0.007572823845199963,0.007572751466445451,GAZP
2023-08-25 07:00:00+00:00,174.7,1690026,-0.0015443141303576415,-0.0015443135165175603,GAZP
2023-08-26 07:00:00+00:00,175.58,17519,0.00502458349995218,0.005024562358052035,GAZP
2023-08-27 07:00:00+00:00,176.39,15019,0.00460268937630495,0.004602673125323033,GAZP
